Year,Titles,Producers,Network,Category
2010,Modern Family ,"Steven Levitan and Christopher Lloyd, executive producers; Jason Winer, Danny Zuker, Dan O'Shannon, Bill Wrubel, Paul Corrigan and Brad Walsh, co-executive producers; Jeff Morton, producer",ABC,Comedy
2010,Curb Your Enthusiasm ,"Larry David, Jeff Garlin, Gavin Polone, Alec Berg, David Mandel, Jeff Schaffer, Tim Gibbons and Erin O'Malley, executive producers",HBO,Comedy
2010,Glee ,"Ryan Murphy, Brad Falchuk and Dante Di Loreto, executive producers; Ian Brennan, co-executive producer; Bradley Buecker, supervising producer; Alexis Martin Woodall, producer; Kenneth Silverstein, produced by",Fox,Comedy
2010,Nurse Jackie ,"Linda Wallem, Liz Brixius, John Melfi, Caryn Mandabach, Richie Jackson, Christine Zander and Mark Hudis, executive producers; Rick Cleveland, co-executive producer; Bari Halle, produced by",Showtime,Comedy
2010,The Office ,"Greg Daniels, Ben Silverman, Ricky Gervais, Stephen Merchant, Howard Klein and Paul Lieberstein, executive producers; Mindy Kaling, Lee Eisenberg, B. J. Novak, Aaron Shure and Teri Weinberg, co-executive producers; Daniel Chun, supervising producer; Steve Carell, Justin Spitzer, Charlie Grandy, Warren Lieberstein and Halsted Sullivan, producers; Randy Cordray, produced by",NBC,Comedy
2010,30 Rock ,"Lorne Michaels, Tina Fey, Marci Klein, David Miner and Robert Carlock, executive producers; John Riggi and Ron Weiner, co-executive producers",NBC,Comedy
2011,Modern Family ,"Steven Levitan and Christopher Lloyd, executive producers; Jeff Morton, Danny Zuker, Dan O'Shannon, Bill Wrubel, Paul Corrigan, Brad Walsh, Ilana Wernick, Jeffrey Richman and Abraham Higginbotham, co-executive producers",ABC,Comedy
2011,The Big Bang Theory ,"Chuck Lorre, Bill Prady, Steven Molaro and Lee Aronsohn, executive producers; Dave Goetsch and Eric Kaplan, co-executive producers; Jim Reynolds and Peter Chakos, supervising producers; Steve Holland, producer; Faye Oshima Belyeu, produced by",CBS,Comedy
2011,Glee ,"Ryan Murphy, Brad Falchuk, Dante Di Loreto and Ian Brennan, executive producers; Bradley Buecker, supervising producer; Alexis Martin Woodall, Kenneth Silverstein and Michael Novick, producers",Fox,Comedy
2011,The Office ,"Ben Silverman, Greg Daniels, Ricky Gervais, Stephen Merchant, Howard Klein and Paul Lieberstein, executive producers; B. J. Novak, executive producer/co-executive producer; Teri Weinberg, Mindy Kaling, Aaron Shure, Daniel Chun and Peter Ocko, co-executive producers; Justin Spitzer and Charlie Grandy, supervising producers; Steve Carell, Warren Lieberstein, Halsted Sullivan and Steve Hely, producers; Randy Cordray, produced by",NBC,Comedy
2011,Parks and Recreation ,"Greg Daniels, Michael Schur, Howard Klein and David Miner, executive producers; Dan Goor, supervising producer; Amy Poehler and Emily Spivey, producers; Morgan Sackett, produced by",NBC,Comedy
2011,30 Rock ,"Lorne Michaels, Tina Fey, Robert Carlock, Marci Klein, David Miner, Jeff Richmond and John Riggi, executive producers; Ron Weiner, Jack Burditt and Matt Hubbard, co-executive producers; Alec Baldwin, Kay Cannon, Vali Chandrasekaran, Don Scardino, Josh Siegal, Dylan Morgan and Irene Burns, producers; Jerry Kupfer, produced by",NBC,Comedy
2012,Modern Family ,"Steven Levitan, Christopher Lloyd, Danny Zuker, Dan O'Shannon, Bill Wrubel, Paul Corrigan and Brad Walsh, executive producers; Jeff Morton, Jeffrey Richman, Abraham Higginbotham and Cindy Chupack, co-executive producers; Chris Smirnoff, producer",ABC,Comedy
2012,The Big Bang Theory ,"Chuck Lorre, Bill Prady and Steven Molaro, executive producers; Dave Goetsch, Eric Kaplan and Jim Reynolds, co-executive producers; Steve Holland and Peter Chakos, supervising producers; Maria Ferrari, producer; Faye Oshima Belyeu, produced by",CBS,Comedy
2012,Curb Your Enthusiasm ,"Larry David, Jeff Garlin, Gavin Polone, Alec Berg, David Mandel, Jeff Schaffer, Larry Charles, Tim Gibbons and Erin O'Malley, executive producers; Laura Streicher, producer",HBO,Comedy
2012,Girls ,"Lena Dunham, Judd Apatow and Jenni Konner, executive producers; Ilene S. Landress and Bruce Eric Kaplan, co-executive producers",HBO,Comedy
2012,30 Rock ,"Lorne Michaels, Tina Fey, Robert Carlock, Marci Klein, David Miner, Jeff Richmond and John Riggi, executive producers; Ron Weiner and Matt Hubbard, co-executive producers; Kay Cannon, Vali Chandrasekaran, Josh Siegal, Dylan Morgan and Luke Del Tredici, supervising producers; Jerry Kupfer, Alec Baldwin and Irene Burns, producers",NBC,Comedy
2012,Veep ,"Armando Iannucci, Christopher Godsick and Frank Rich, executive producers; Simon Blackwell and Tony Roche, co-executive producers; Julia Louis-Dreyfus, producer; Stephanie Laing, produced by",HBO,Comedy
2013,Modern Family ,"Steven Levitan, Christopher Lloyd, Danny Zuker, Dan O'Shannon, Bill Wrubel, Paul Corrigan, Brad Walsh, Jeffrey Richman, Abraham Higginbotham and Jeff Morton, executive producers; Ben Karlin, co-executive producer; Elaine Ko and Chris Smirnoff, producers",ABC,Comedy
2013,The Big Bang Theory ,"Chuck Lorre, Steven Molaro and Bill Prady, executive producers; Dave Goetsch, Eric Kaplan, Jim Reynolds, Steve Holland, Eddie Gorodetsky and Faye Oshima Belyeu, co-executive producers; Peter Chakos and Maria Ferrari, supervising producers",CBS,Comedy
2013,Girls ,"Lena Dunham, Judd Apatow and Jenni Konner, executive producers; Ilene S. Landress and Bruce Eric Kaplan, co-executive producers",HBO,Comedy
2013,Louie ,"Louis C.K., M. Blair Breard and Dave Becky, executive producers; Tony Hernandez, supervising producer; Vernon Chatman, producer",FX,Comedy
2013,30 Rock ,"Tina Fey, Robert Carlock, Marci Klein, David Miner, Jeff Richmond, Jack Burditt and Lorne Michaels, executive producers; Matt Hubbard, Josh Siegal, Dylan Morgan and Luke Del Tredici, co-executive producers; Alec Baldwin, Colleen McGuinness, Tracey Wigfield and Jerry Kupfer, producers",NBC,Comedy
2013,Veep ,"Armando Iannucci, Christopher Godsick and Frank Rich, executive producers; Simon Blackwell and Tony Roche, co-executive producers; Julia Louis-Dreyfus and Stephanie Laing, producers",HBO,Comedy
2014,Modern Family ,"Steven Levitan, Christopher Lloyd, Dan O'Shannon, Paul Corrigan, Brad Walsh, Bill Wrubel, Danny Zuker, Jeffrey Richman, Abraham Higginbotham and Jeff Morton, executive producers; Ben Karlin, co-executive producer; Elaine Ko and Megan Ganz, supervising producers; Chris Smirnoff and Sally Young, producers",ABC,Comedy
2014,The Big Bang Theory ,"Chuck Lorre, Steven Molaro and Bill Prady, executive producers; Dave Goetsch, Eric Kaplan, Jim Reynolds, Steve Holland, Maria Ferrari and Faye Oshima Belyeu, co-executive producers; Peter Chakos, supervising producer; Kristy Cecil, producer",CBS,Comedy
2014,Louie ,"Louis C.K., M. Blair Breard and Dave Becky, executive producers; Adam Escott, supervising producer; Pamela Adlon and Vernon Chatman, producers; Steven Wright, consulting producer",FX,Comedy
2014,Orange Is the New Black ,"Jenji Kohan, executive producer; Sara Hess, Michael Trim and Lisa I. Vinnecour, co-executive producers; Gary Lennon, supervising producer; Neri Kyle Tannenbaum, produced by; Mark A. Burley, consulting producer",Netflix,Comedy
2014,Silicon Valley ,"Mike Judge, Alec Berg, John Altschuler, Dave Krinsky, Michael Rotenberg and Tom Lassally, executive producers; Jim Kleverweis, produced by",HBO,Comedy
2014,Veep ,"Armando Iannucci, Christopher Godsick and Frank Rich, executive producers; Simon Blackwell and Tony Roche, co-executive producers; Chris Addison, Roger Drew, Sean Gray, Ian Martin and Will Smith, supervising producers; Julia Louis-Dreyfus, producer; Stephanie Laing, produced by",HBO,Comedy
2015,Veep ,"Armando Iannucci, Christopher Godsick, Frank Rich, Chris Addison, Simon Blackwell, Tony Roche, Julia Louis-Dreyfus and Stephanie Laing, executive producers; Kevin Cecil, Roger Drew, Sean Gray, Ian Martin, Georgia Pritchett, David Quantick, Andy Riley and Will Smith, supervising producers; Bill Hill, produced by",HBO,Comedy
2015,Louie ,"Louis C.K., M. Blair Breard and Dave Becky, executive producers; Adam Escott, supervising producer; Pamela Adlon, Vernon Chatman and Steven Wright, producers; John Skidmore, produced by",FX,Comedy
2015,Modern Family ,"Christopher Lloyd, Steven Levitan, Paul Corrigan, Brad Walsh, Danny Zuker, Abraham Higginbotham, Jeffrey Richman and Jeff Morton, executive producers; Elaine Ko, Megan Ganz, Vali Chandrasekaran, Stephen Lloyd, Rick Wiener, Kenny Schwartz and Chuck Tatham, co-executive producers; Chris Smirnoff and Sally Young, producers",ABC,Comedy
2015,Parks and Recreation ,"Greg Daniels, Michael Schur, Howard Klein, David Miner, Morgan Sackett and Dean Holland, executive producers; Alan Yang, Harris Wittels, Donick Cary, Matt Murray and Aisha Muharrar, co-executive producers; Dave King, David Hyman and Amy Poehler, producers",NBC,Comedy
2015,Silicon Valley ,"Mike Judge, Alec Berg, John Altschuler, Dave Krinsky, Michael Rotenberg and Tom Lassally, executive producers; Dan O'Keefe and Clay Tarver, co-executive producers; Sonny Lee and Ron Weiner, supervising producers; Carrie Kemper, producer; Jim Kleverweis, produced by",HBO,Comedy
2015,Transparent ,"Joey Soloway (as Jill Soloway), executive producer; Andrea Sperling, co-executive producer; Bridget Bedard, supervising producer; Victor Hsu, produced by; Rick Rosenthal and Nisha Ganatra, consulting producers",Amazon,Comedy
2015,Unbreakable Kimmy Schmidt ,"Jeff Richmond, David Miner, Jack Burditt, Tina Fey and Robert Carlock, executive producers; Allison Silverman and Eric Gurian, co-executive producers; Dan Rubin and Lon Zimmet, supervising producers; Sam Means and Dara Schnapper, producers; Jerry Kupfer, produced by",Netflix,Comedy
2016,Veep ,"David Mandel, Frank Rich, Julia Louis-Dreyfus, Lew Morton and Christopher Godsick, executive producers; Morgan Sackett, Sean Gray, Peter Huyck, Alex Gregory, Jim Margolis, Georgia Pritchett and Will Smith, co-executive producers; Chris Addison and Rachel Axler, supervising producers; David Hyman, produced by; Erik Kenward, Billy Kimball and Steve Koren, consulting producers",HBO,Comedy
2016,Black-ish ,"Kenya Barris, Jonathan Groff, Anthony Anderson, E. Brian Dobbins, Laurence Fishburne and Helen Sugland, executive producers; Gail Lerner, Vijal Patel, Corey Nickerson and Courtney Lilly, co-executive producers; Lindsey Shockley, Peter Saji, Jenifer Rice-Genzuk Henry and Hale Rothstein, supervising producers; Michael Petok, produced by",ABC,Comedy
2016,Master of None ,"Aziz Ansari, Alan Yang, Michael Schur, David Miner and Dave Becky, executive producers; Harris Wittels, co-executive producer; Igor Srubshchik, produced by",Netflix,Comedy
2016,Modern Family ,"Steven Levitan, Christopher Lloyd, Paul Corrigan, Brad Walsh, Danny Zuker, Abraham Higginbotham, Jeffrey Richman, Elaine Ko, Stephen Lloyd and Jeff Morton, executive producers; Vali Chandrasekaran, Chuck Tatham, Andy Gordon, Jon Pollack and Vanessa McCarthy, co-executive producers; Chris Smirnoff and Sally Young, producers",ABC,Comedy
2016,Silicon Valley ,"Mike Judge, Alec Berg, Michael Rotenberg and Tom Lassally, executive producers; Clay Tarver, Dan O'Keefe, Ron Weiner, John Levenstein and Jim Kleverweis, co-executive producers; Carrie Kemper, supervising producer; Adam Countee, producer",HBO,Comedy
2016,Transparent ,"Joey Soloway (as Jill Soloway) and Andrea Sperling, executive producers; Victor Hsu and Bridget Bedard, co-executive producers; Noah Harpster and Micah Fitzerman-Blue, producers; Rick Rosenthal, consulting producer",Amazon,Comedy
2016,Unbreakable Kimmy Schmidt ,"Robert Carlock, Tina Fey, Jeff Richmond and David Miner, executive producers; Allison Silverman, Josh Siegal, Dylan Morgan and Eric Gurian, co-executive producers; Sam Means, Dan Rubin and Leila Strachan, supervising producers; Dara Schnapper, producer; Jerry Kupfer, produced by",Netflix,Comedy
2017,Veep ,"David Mandel, Frank Rich, Julia Louis-Dreyfus, Lew Morton and Morgan Sackett, executive producers; Peter Huyck, Alex Gregory, Georgia Pritchett, Jennifer Crittenden, Gabrielle Allan, Ian Maxtone-Graham, Steve Hely, Ted Cohen and David Hyman, co-executive producers; Rachel Axler and Billy Kimball, supervising producers; Dale Stern, producer; Erik Kenward and Dan Mintz, consulting producers",HBO,Comedy
2017,Atlanta ,"Donald Glover, Paul Simms and Dianne McGunigle, executive producers; Hiro Murai, producer; Alex Orr, produced by",FX,Comedy
2017,Black-ish ,"Jonathan Groff, Kenya Barris, Anthony Anderson, Laurence Fishburne, Helen Sugland, E. Brian Dobbins and Corey Nickerson, executive producers; Gail Lerner, Courtney Lilly, Jenifer Rice-Genzuk Henry, Hale Rothstein, Kenny Smith, Laura Gutin Peterson, Vijal Patel, Emily Halpern and Sarah Haskins, co-executive producers; Lindsey Shockley and Peter Saji, supervising producers; Michael Petok, produced by",ABC,Comedy
2017,Master of None ,"Aziz Ansari, Alan Yang, Michael Schur, David Miner, Dave Becky and Igor Srubshchik, executive producers; Andy Blitz, co-executive producer; Eric Wareheim, supervising producer",Netflix,Comedy
2017,Modern Family ,"Christopher Lloyd, Steven Levitan, Paul Corrigan, Brad Walsh, Danny Zuker, Abraham Higginbotham, Jeffrey Richman, Elaine Ko, Stephen Lloyd, Vali Chandrasekaran, Chuck Tatham and Jeff Morton, executive producers; Andy Gordon and Jon Pollack, co-executive producers; Sally Young, producer; Christy Stratton, consulting producer",ABC,Comedy
2017,Silicon Valley ,"Mike Judge, Alec Berg, Michael Rotenberg and Tom Lassally, executive producers; Clay Tarver, Dan O'Keefe, Chris Provenzano, Graham Wagner, Jamie Babbit and Jim Kleverweis, co-executive producers; Carrie Kemper, Adam Countee and Aaron Zelman, supervising producers",HBO,Comedy
2017,Unbreakable Kimmy Schmidt ,"Robert Carlock, Tina Fey, Jeff Richmond and David Miner, executive producers; Sam Means, Dan Rubin, Allison Silverman, Leila Strachan and Eric Gurian, co-executive producers; Meredith Scardino and Dara Schnapper, producers; Jerry Kupfer, produced by",Netflix,Comedy
2018,The Marvelous Mrs. Maisel ,"Amy Sherman-Palladino and Daniel Palladino, executive producers; Sheila Lawrence, co-executive producer; Dhana Rivera Gilbert, produced by",Prime Video,Comedy
2018,Atlanta ,"Donald Glover, Paul Simms, Dianne McGunigle and Stephen Glover, executive producers; Hiro Murai, co-executive producer; Stefani Robinson, producer; Alex Orr, produced by",FX,Comedy
2018,Barry ,"Alec Berg and Bill Hader, executive producers; Emily Heller, producer; Aida Rodgers, produced by; Elizabeth Sarnoff, consulting producer",HBO,Comedy
2018,Black-ish ,"Kenya Barris, Anthony Anderson, Laurence Fishburne, Helen Sugland, E. Brian Dobbins, Jonathan Groff, Corey Nickerson and Stacy Traub, executive producers; Gail Lerner, Courtney Lilly, Jenifer Rice-Genzuk Henry, Laura Gutin-Peterson, Lindsey Shockley, Peter Saji and Sam Laybourne, co-executive producers; Christian Lander, supervising producer; Michael Petok, produced by",ABC,Comedy
2018,Curb Your Enthusiasm ,"Larry David, Jeff Garlin and Jeff Schaffer, executive producers; Justin Hurwitz, supervising producer; Jon Hayman and Laura Streicher, producers; Mychelle Deschamps, produced by",HBO,Comedy
2018,GLOW ,"Jenji Kohan, Liz Flahive, Carly Mensch and Tara Herrmann, executive producers; Mark A. Burley, co-executive producer; Nick Jones, supervising producer; Sascha Rothchild, producer; Leanne Moore, produced by",Netflix,Comedy
2018,Silicon Valley ,"Mike Judge, Alec Berg, Clay Tarver, Jim Kleverweis and Jamie Babbit, executive producers; Anthony King, Graham Wagner and Ron Weiner, co-executive producers",HBO,Comedy
2018,Unbreakable Kimmy Schmidt ,"Tina Fey, Robert Carlock, Jeff Richmond, David Miner and Sam Means, executive producers; Dan Rubin, Leila Strachan, Eric Gurian and Meredith Scardino, co-executive producers; Jerry Kupfer, produced by",Netflix,Comedy
2019,Fleabag ,"Phoebe Waller-Bridge, Harry Bradbeer, Lydia Hampson, Harry Williams, Jack Williams and Joe Lewis, executive producers; Sarah Hammond, producer",Prime Video,Comedy
2019,Barry ,"Alec Berg and Bill Hader, executive producers; Aida Rodgers, co-executive producer; Emily Heller, supervising producer; Julie Camino and Jason Kim, producers; Elizabeth Sarnoff, consulting producer",HBO,Comedy
2019,The Good Place ,"Michael Schur, David Miner, Morgan Sackett and Drew Goddard, executive producers; Dylan Morgan, Josh Siegal, Joe Mande and Megan Amram, co-executive producers; Jen Statsky, supervising producer; David Hyman, produced by; Matt Murray, consulting producer",NBC,Comedy
2019,The Marvelous Mrs. Maisel ,"Amy Sherman-Palladino and Daniel Palladino, executive producers; Dhana Rivera Gilbert, co-executive producer; Sheila Lawrence, producer",Prime Video,Comedy
2019,Russian Doll ,"Natasha Lyonne, Leslye Headland, Amy Poehler, Dave Becky, Tony Hernandez, Lilly Burns and Allison Silverman, executive producers; Kate Arend and John Skidmore, producers; Ryan McCormick, produced by",Netflix,Comedy
2019,Schitt's Creek ,"Eugene Levy, Daniel Levy, David West Read, Andrew Barnsley, Fred Levy and Ben Feigin, executive producers; Michael Short and Rupinder Gill, co-executive producers; Colin Brunton, producer",Pop TV,Comedy
2019,Veep ,"David Mandel, Frank Rich, Julia Louis-Dreyfus, Lew Morton, Morgan Sackett, Peter Huyck and Alex Gregory, executive producers; Jennifer Crittenden, Gabrielle Allan, Billy Kimball, Rachel Axler, Ted Cohen, Ian Maxtone-Graham, Dan O'Keefe, Steve Hely and David Hyman, co-executive producers; Georgia Pritchett, supervising producer; Doug Smith, producer; Erik Kenward and Dan Mintz, consulting producers",HBO,Comedy
2020,Schitt's Creek ,"Eugene Levy, Dan Levy, Andrew Barnsley, Fred Levy, David West Read and Ben Feigin, executive producers; Michael Short and Kurt Smeaton, co-executive producers; Kosta Orfanidis, producer",Pop TV,Comedy
2020,Curb Your Enthusiasm ,"Larry David, Jeff Garlin, Jeff Schaffer and Gavin Polone, executive producers; Laura Streicher, producer; Mychelle Deschamps, produced by",HBO,Comedy
2020,Dead to Me ,"Liz Feldman, Will Ferrell, Adam McKay, Jessica Elbaum, Christina Applegate and Christie Smith, executive producers; Linda Cardellini, Cara DiPaolo, Jessi Klein, Elizabeth Benjamin, Dan Dietz and Joe Hardesty, co-executive producers; Buddy Enright and Denise Pleune, producers",Netflix,Comedy
2020,The Good Place ,"Michael Schur, David Miner, Morgan Sackett and Drew Goddard, executive producers; Dylan Morgan, Josh Siegal, Joe Mande, Megan Amram, Jen Statsky and Dave King, co-executive producers; David Hyman, produced by; Matt Murray and Aisha Muharrar, consulting producers",NBC,Comedy
2020,Insecure ,"Issa Rae, Prentice Penny, Melina Matsoukas, Dave Becky, Jonathan Berry, Amy Aniobi and Jim Kleverweis, executive producers; Phil Augusta Jackson and Laura Kittrell, co-executive producers; Deniese Davis and Natasha Rothwell, supervising producers",HBO,Comedy
2020,The Kominsky Method ,"Chuck Lorre, Alan J. Higgins and Michael Douglas, executive producers; Andy Tennant and Beth McCarthy-Miller, producers; Marlis Pujol, produced by",Netflix,Comedy
2020,The Marvelous Mrs. Maisel ,"Amy Sherman-Palladino and Daniel Palladino, executive producers; Dhana Rivera Gilbert, co-executive producer; Matthew Shapiro, Daniel Goldfarb, Kate Fodor and Sono Patel, producers",Prime Video,Comedy
2020,What We Do in the Shadows ,"Jemaine Clement, Taika Waititi, Paul Simms, Scott Rudin, Garrett Basch, Eli Bush and Stefani Robinson, executive producers; Sam Johnson, co-executive producer; Derek S. Rappaport, produced by; Marika Sawyer, consulting producer",FX,Comedy
2021,Ted Lasso ,"Bill Lawrence, Jason Sudeikis, Jeff Ingold, and Bill Wrubel, executive producers; Liza Katzer, co-executive producer; Jane Becker, Jamie Lee, and Kip Kroeger, supervising producers; Brendan Hunt, producer; Tina Pawlik, produced by; Joe Kelly, consulting producer",Apple TV+,Comedy
2021,Black-ish ,"Kenya Barris, Anthony Anderson, Laurence Fishburne, Helen Sugland, E. Brian Dobbins, Michael Petok, Courtney Lilly, and Laura Gutin Peterson, executive producers; Christian Lander, Lisa Muse Bryant, Robb Chavis, and Eric Horsted, co-executive producers; Steven White and Marquita J. Robinson, supervising producers; Tracee Ellis Ross, Jamie Nelsen, and Tom Ragazzo, producers; Heidi G. McGowen, produced by",ABC,Comedy
2021,Cobra Kai ,"Hayden Schlossberg, Jon Hurwitz, Josh Heald, Caleeb Pinkett, Susan Ekins, James Lassiter, and Will Smith, executive producers; Ralph Macchio and William Zabka, co-executive producers; Luan Thomas, Joe Piarulli, and Michael Jonathan Smith, supervising producers; Stacey Harman and Bob Dearden, producers; Bob Wilson, produced by",Netflix,Comedy
2021,Emily in Paris ,"Andrew Fleming, Tony Hernandez, Lilly Burns, and Darren Star, executive producers; Alison Brown, co-executive producer; Grant Sloss, supervising producer; Stephen Joel Brown, Shihan Fey, Jake Fuller, Lily Collins, and RaphaÃ«l Benoliel, producers",Netflix,Comedy
2021,The Flight Attendant ,"Greg Berlanti, Kaley Cuoco, Steve Yockey, Meredith Lavender, Marcie Ulin, and Sarah Schechter, executive producers; Suzanne McCormack and Jess Meyer, co-executive producers; Jennifer Lence and Erika Kennair, producers; Raymond Quinlan, produced by",HBO Max,Comedy
2021,Hacks ,"Jen Statsky, Paul W. Downs, Lucia Aniello, Michael Schur, David Miner, and Morgan Sackett, executive producers; Joanna Calo, Andrew Law, and David Hyman, co-executive producers; Joe Mande and Jessica Chaffin, consulting producers",HBO Max,Comedy
2021,The Kominsky Method ,"Alan J. Higgins, Michael Douglas, and Chuck Lorre, executive producers; Marlis Pujol, co-executive producer; Andy Tennant, producer",Netflix,Comedy
2021,PEN15 ,"Maya Erskine, Anna Konkle, Sam Zvibleman, Debbie Liebling, Vera Santamaria, Marc Provissiero, Brooke Pobjoy, Andy Samberg, Jorma Taccone, Akiva Schaffer, Becky Sloviter, Shelley Zimmerman, Brin Lukens, and Jordan Levin, executive producers; Don Dunn and Scott Levine, producers; Jeremy Reitz, produced by",Hulu,Comedy
2022,Ted Lasso ,"Bill Lawrence, Jason Sudeikis, Brendan Hunt, Joe Kelly, Jeff Ingold and Bill Wrubel, executive producers; Jane Becker, Jamie Lee and Liza Katzer, co-executive producers; Kip Kroeger and Declan Lowney, supervising producers; Leann Bowen and Ashley Nicole Black, producers; Andrew Warren, produced by",Apple TV+,Comedy
2022,Abbott Elementary ,"Quinta Brunson, Justin Halpern, Patrick Schumacker and Randall Einhorn, executive producers; Brian Rubenstein, co-executive producer; Scott Sites and Jordan Temple, producers",ABC,Comedy
2022,Barry ,"Alec Berg, Bill Hader, Aida Rodgers and Liz Sarnoff, executive producers; Emily Heller and Jason Kim, supervising producers; Duffy Boudreau, producer; Julie Camino, produced by",HBO,Comedy
2022,Curb Your Enthusiasm ,"Larry David, Jeff Garlin and Jeff Schaffer, executive producers; Laura Streicher, co-executive producer; Jennifer Corey, produced by",HBO,Comedy
2022,Hacks ,"Jen Statsky, Lucia Aniello, Paul W. Downs, Michael Schur, David Miner and Morgan Sackett, executive producers; Joe Mande, Andrew Law and Aisha Muharrar, co-executive producers; Ashley Glazier and Samantha Riley, producers; Seth Edelstein, produced by; Jessica Chaffin, consulting producer",HBO Max,Comedy
2022,The Marvelous Mrs. Maisel ,"Daniel Palladino and Amy Sherman-Palladino, executive producers; Dhana Rivera Gilbert, co-executive producer; Daniel Goldfarb, supervising producer; Kate Fodor, Matthew Shapiro, Sal Carino and Nick Thomason, producers",Prime Video,Comedy
2022,Only Murders in the Building ,"Dan Fogelman, Jess Rosenthal, Jamie Babbit, Steve Martin, Martin Short, Selena Gomez and John Hoffman, executive producers; Kristin Newman and Kirker Butler, co-executive producers; Ben Smith, Matteo Borghese and Rob Turbovsky, supervising producers; Thembi L. Banks, producer; Jane Raab, produced by",Hulu,Comedy
2022,What We Do in the Shadows ,"Jemaine Clement, Taika Waititi, Paul Simms, Garrett Basch, Eli Bush and Stefani Robinson, executive producers; Sam Johnson, Yana Gorskaya, Kyle Newacheck and Marika Sawyer, co-executive producers; Ingrid Lageder, producer; Derek S. Rappaport, produced by",FX,Comedy
2010,Mad Men ,"Matthew Weiner and Scott Hornbacher, executive producers; Lisa Albert, supervising producer; Blake McCormick and Dwayne Shattuck, producers",AMC,Drama
2010,Breaking Bad ,"Vince Gilligan and Mark Johnson, executive producers; Michelle MacLaren, co-executive producer; Sam Catlin, supervising producer; Melissa Bernstein, Peter Gould, George Mastras and Thomas Schnauz, producers; Stewart A. Lyons, produced by",AMC,Drama
2010,Dexter ,"John Goldwyn, Sara Colleton, Clyde Phillips, Charles H. Eglee, Melissa Rosenberg and Scott Buck, executive producers; Tim Schlattmann and Wendy West, supervising producers; Lauren Gussis, producer; Robert Lloyd Lewis, produced by",Showtime,Drama
2010,The Good Wife ,"Robert King, Michelle King, Ridley Scott, Tony Scott, David W. Zucker and Brooke Kennedy, executive producers; Todd Ellis Kessler and Ted Humphrey, co-executive producers",CBS,Drama
2010,Lost ,"Damon Lindelof, J. J. Abrams, Carlton Cuse, Edward Kitsis, Adam Horowitz, Elizabeth Sarnoff, Jack Bender, Bryan Burk, and Jean Higgins, executive producers; Paul Zbyszewski, co-executive producer; Melinda Hsu Taylor and Ra'uf Glasgow, producers",ABC,Drama
2010,True Blood ,"Alan Ball and Gregg Fienberg, executive producers; Brian Buckner and Nancy Oliver, co-executive producers; Alexander Woo, supervising producer; Raelle Tucker and Mark McNair, producers",HBO,Drama
2011,Mad Men ,"Matthew Weiner and Scott Hornbacher, executive producers; Andre Jacquemetton and Maria Jacquemetton, co-executive producers; Dahvi Waller, Jonathan Abrahams, Dwayne Shattuck and Blake McCormick, producers",AMC,Drama
2011,Boardwalk Empire ,"Terence Winter, Martin Scorsese, Mark Wahlberg, Stephen Levinson and Tim Van Patten, executive producers; Eugene Kelly and Lawrence Konner, co-executive producers; Howard Korder and Margaret Nagle, supervising producers; Rick Yorn and Rudd Simmons, producers",HBO,Drama
2011,Dexter ,"John Goldwyn, Sara Colleton, Chip Johannessen, Manny Coto, Scott Buck and Michael C. Hall, executive producers; Tim Schlattmann and Wendy West, co-executive producers; Lauren Gussis, supervising producer; Robert Lloyd Lewis, produced by",Showtime,Drama
2011,Friday Night Lights ,"Brian Grazer, David Nevins, Peter Berg, Sarah Aubrey, David Hudgins and Jason Katims, executive producers; John Cameron, Patrick Massett, John Zinman and Bridget Carpenter, co-executive producers; Rolin Jones, supervising producer; Ron Fitzgerald, Michael Waxman and Kerry Ehrin, producers; Nan Bernstein Freed, produced by",DirecTV,Drama
2011,Game of Thrones ,"David Benioff and D. B. Weiss, executive producers; George R. R. Martin, Vince Gerardis, Ralph Vicinanza, Guymon Casady and Carolyn Strauss, co-executive producers; Frank Doelger and Mark Huffam, producers",HBO,Drama
2011,The Good Wife ,"Ridley Scott, Tony Scott, Robert King, Michelle King, David W. Zucker and Brooke Kennedy, executive producers; Ted Humphrey, Leonard Dick and Keith Eisner, co-executive producers; Courtney A. Kemp and Corinne Brinkerhoff, producers",CBS,Drama
2012,Homeland ,"Alex Gansa, Howard Gordon, Michael Cuesta, Gideon Raff, Avi Nir and Ran Tellem, executive producers; Chip Johannessen and Alexander Cary, co-executive producers; Michael Klick, producer; Henry Bromell and Meredith Stiehm, consulting producers",Showtime,Drama
2012,Boardwalk Empire ,"Terence Winter, Martin Scorsese, Mark Wahlberg, Stephen Levinson and Tim Van Patten, executive producers; Eugene Kelly and Howard Korder, co-executive producers; Rick Yorn and Joe Iberti, producers",HBO,Drama
2012,Breaking Bad ,"Vince Gilligan, Mark Johnson and Michelle MacLaren, executive producers; Melissa Bernstein and Sam Catlin, co-executive producers; Peter Gould, George Mastras and Thomas Schnauz, supervising producers; Moira Walley-Beckett, Bryan Cranston and Diane Mercer, producers; Stewart A. Lyons, produced by",AMC,Drama
2012,Downton Abbey ,"Gareth Neame, Julian Fellowes and Rebecca Eaton, executive producers; Liz Trubridge, producer",PBS,Drama
2012,Game of Thrones ,"David Benioff, D. B. Weiss, Frank Doelger and Carolyn Strauss, executive producers; George R. R. Martin, Vanessa Taylor, Alan Taylor, Guymon Casady and Vince Gerardis, co-executive producers; Bernadette Caulfield, producer by",HBO,Drama
2012,Mad Men ,"Matthew Weiner, Scott Hornbacher, Andre Jacquemetton and Maria Jacquemetton, executive producers; Victor Levin, co-executive producer; Jon Hamm and Blake McCormick, producers",AMC,Drama
2013,Breaking Bad ,"Vince Gilligan, Mark Johnson and Michelle MacLaren, executive producers; Melissa Bernstein, Sam Catlin, Peter Gould, George Mastras and Thomas Schnauz, co-executive producers; Moira Walley-Beckett, supervising producer; Bryan Cranston and Diane Mercer, producers; Stewart A. Lyons, produced by",AMC,Drama
2013,Downton Abbey ,"Gareth Neame and Julian Fellowes, executive producers; Nigel Marchant, co-executive producer; Liz Trubridge, producer",PBS,Drama
2013,Game of Thrones ,"David Benioff, D. B. Weiss, Carolyn Strauss, Frank Doelger and Bernadette Caulfield, executive producers; Guymon Casady, Vince Gerardis, George R. R. Martin and Vanessa Taylor, co-executive producers; Chris Newman and Greg Spence, producers",HBO,Drama
2013,Homeland ,"Alex Gansa, Howard Gordon, Michael Cuesta, Gideon Raff, Avi Nir, Ran Tellem, Meredith Stiehm, Chip Johannessen, Alexander Cary and Henry Bromell, executive producers; Michael Klick, producer",Showtime,Drama
2013,House of Cards ,"David Fincher, Joshua Donen, Eric Roth, Beau Willimon, John Melfi, Kevin Spacey, Dana Brunetti, Michael Dobbs and Andrew Davies, executive producers; Rick Cleveland, Sarah Treem and Robert Zotnowski, co-executive producers; Keith Huff and Karyn McCarthy, producers",Netflix,Drama
2013,Mad Men ,"Matthew Weiner, Scott Hornbacher, Andre Jacquemetton, Maria Jacquemetton and Janet Leahy, executive producers; Semi Chellas, supervising producer; Jon Hamm, Blake McCormick and Erin Levy, producers",AMC,Drama
2014,Breaking Bad ,"Vince Gilligan, Mark Johnson and Michelle MacLaren, executive producers; Melissa Bernstein, Sam Catlin, Peter Gould, George Mastras, Thomas Schnauz and Moira Walley-Beckett, co-executive producers; Bryan Cranston and Diane Mercer, producers; Stewart A. Lyons, produced by",AMC,Drama
2014,Downton Abbey ,"Gareth Neame, Julian Fellowes and Liz Trubridge, executive producers; Nigel Marchant, co-executive producer; Rupert Ryle-Hodges, producer",PBS,Drama
2014,Game of Thrones ,"David Benioff, D. B. Weiss, Carolyn Strauss, Frank Doelger and Bernadette Caulfield, executive producers; Vince Gerardis, Guymon Casady and George R. R. Martin, co-executive producers; Chris Newman and Greg Spence, producers",HBO,Drama
2014,House of Cards ,"Beau Willimon, Joshua Donen, Eric Roth, David Fincher, Kevin Spacey, Dana Brunetti, Andrew Davies, Michael Dobbs and David Manson, executive producers; John Mankiewicz and Robert Zotnowski, co-executive producers; Iain Paterson, produced by",Netflix,Drama
2014,Mad Men ,"Matthew Weiner, Scott Hornbacher and Janet Leahy, executive producers; Semi Chellas, co-executive producer; Erin Levy, supervising producer; Jon Hamm, Blake McCormick and Tom Smuts, producers",AMC,Drama
2014,True Detective ,"Nic Pizzolatto, Cary Joji Fukunaga, Scott Stephens, Steve Golin, Woody Harrelson, Matthew McConaughey and Richard Brown, executive producers; Carol Cuddy, producer",HBO,Drama
2015,Game of Thrones ,"David Benioff, D. B. Weiss, Carolyn Strauss, Frank Doelger and Bernadette Caulfield, executive producers; Vince Gerardis, Guymon Casady and George R. R. Martin, co-executive producers; Chris Newman, Greg Spence, Lisa McAtackney and Bryan Cogman, producers",HBO,Drama
2015,Better Call Saul ,"Vince Gilligan, Peter Gould, Mark Johnson and Melissa Bernstein, executive producers; Thomas Schnauz and Stewart A. Lyons, co-executive producers; Gennifer Hutchison, supervising producer; Diane Mercer, Nina Jack and Bob Odenkirk, producers",AMC,Drama
2015,Downton Abbey ,"Gareth Neame, Nigel Marchant, Julian Fellowes and Liz Trubridge, executive producers; Chris Croucher, producer",PBS,Drama
2015,Homeland ,"Alex Gansa, Howard Gordon, Alexander Cary, Chip Johannessen, Lesli Linka Glatter, Meredith Stiehm, Gideon Raff, Avi Nir and Ran Telem, executive producers; Patrick Harbinson and Michael Klick, co-executive producers; Claire Danes and Lauren White, producers",Showtime,Drama
2015,House of Cards ,"Beau Willimon, Andrew Davies, Michael Dobbs, Kevin Spacey, Dana Brunetti, Joshua Donen, Eric Roth, David David Fincher and John David Coles, executive producers; John Mankiewicz and Robert Zotnowski, co-executive producers; Frank Pugliese, supervising producer; Jay Carson, producer; Karen Moore, produced by",Netflix,Drama
2015,Mad Men ,"Matthew Weiner, Scott Hornbacher and Janet Leahy, executive producers; Semi Chellas, co-executive producer; Erin Levy, supervising producer; Jon Hamm, Blake McCormick and Tom Smuts, producers",AMC,Drama
2015,Orange Is the New Black ,"Jenji Kohan, executive producer; Mark A. Burley, Stephen Falk, Sara Hess and Lisa I. Vinnecour, co-executive producers; Tara Herrmann, producer; Neri Kyle Tannenbaum, produced by",Netflix,Drama
2016,Game of Thrones ,"David Benioff, D. B. Weiss, Carolyn Strauss, Frank Doelger and Bernadette Caulfield, executive producers; Vince Gerardis, Guymon Casady and George R. R. Martin, co-executive producers; Bryan Cogman, supervising producer; Chris Newman, Greg Spence and Lisa McAtackney, producers",HBO,Drama
2016,The Americans ,"Joe Weisberg, Joel Fields, Graham Yost, Darryl Frank, Justin Falvey and Chris Long, executive producers; Stephen Schiff, co-executive producer; Mary Rae Thewlis, produced by; Joshua Brand, consulting producer",FX,Drama
2016,Better Call Saul ,"Vince Gilligan, Peter Gould, Mark Johnson, Melissa Bernstein and Thomas Schnauz, executive producers; Gennifer Hutchison, co-executive producer; Nina Jack, supervising producer; Diane Mercer and Bob Odenkirk, producers; Robin Sweet, produced by",AMC,Drama
2016,Downton Abbey ,"Gareth Neame, Julian Fellowes, Liz Trubridge and Nigel Marchant, executive producers; Chris Croucher, producer",PBS,Drama
2016,Homeland ,"Alex Gansa, Howard Gordon, Chip Johannessen, Lesli Linka Glatter, Meredith Stiehm, Avi Nir, Ran Telem, Gideon Raff and Patrick Harbinson, executive producers; Michael Klick, Claire Danes, Ron Nyswaner, Ted Mann and Benjamin Cavell, co-executive producers; Lauren White and Katie O'Hara, producers",Showtime,Drama
2016,House of Cards ,"Beau Willimon, Andrew Davies, Michael Dobbs, Robin Wright, Kevin Spacey, Dana Brunetti, Joshua Donen, Eric Roth and David Fincher, executive producers; John Mankiewicz and Robert Zotnowski, co-executive producers; Jay Carson and Frank Pugliese, supervising producers; Hameed Shaukat, producer; Boris Malden, produced by",Netflix,Drama
2016,Mr. Robot ,"Sam Esmail, Chad Hamilton and Steve Golin, executive producers; Kyle Bradstreet and David Iserson, supervising producers; Margo Myers Massey, produced by",USA,Drama
2017,The Handmaid's Tale ,"Bruce Miller, Warren Littlefield, Daniel Wilson, Fran Sears and Ilene Chaiken, executive producers; Sheila Hockin, Eric Tuchman, Frank Siracusa and John Weber, co-executive producers; Kira Snyder, supervising producer; Elisabeth Moss, producer; Joseph Boccia, produced by; Leila Gerstein, consulting producer",Hulu,Drama
2017,Better Call Saul ,"Vince Gilligan, Peter Gould, Mark Johnson, Melissa Bernstein, Thomas Schnauz and Gennifer Hutchison, executive producers; Nina Jack and Diane Mercer, co-executive producers; Bob Odenkirk, Jonathan Glatzer and Gordon Smith, producers; Robin Sweet, produced by",AMC,Drama
2017,The Crown ,"Peter Morgan, Stephen Daldry, Andy Harries, Philip Martin, Suzanne Mackie, Matthew Byam-Shaw, Robert Fox and Tanya Seghatchian, executive producers; Andrew Eaton, producer",Netflix,Drama
2017,House of Cards ,"Melissa James Gibson, Frank Pugliese, Andrew Davies, Michael Dobbs, Robin Wright, Kevin Spacey, Dana Brunetti, Joshua Donen, Eric Roth, David Fincher, Daniel Minahan and John Mankiewicz, executive producers; Robert Zotnowski, co-executive producer; Kenneth Lin and Hameed Shaukat, supervising producers; Laura Eason and Bill Kennedy, producers; Boris Malden, produced by",Netflix,Drama
2017,Stranger Things ,"The Duffer Brothers, Dan Cohen and Shawn Levy, executive producers; Iain Paterson, co-executive producer",Netflix,Drama
2017,This Is Us ,"Dan Fogelman, Jess Rosenthal, John Requa, Glenn Ficarra, Ken Olin, Donald Todd and Charles Gogolak, executive producers; KJ Steinberg, Isaac Aptaker, Elizabeth Berger, Joe Lawson and Steve Beers, co-executive producers; Vera Herbert and Bekah Brunstetter, producers",NBC,Drama
2017,Westworld ,"J. J. Abrams, Jonathan Nolan, Lisa Joy and Bryan Burk, executive producers; Athena Wickham, Kathy Lingg, Richard J. Lewis, Roberto Patino and Katherine Lingenfelter, co-executive producers; Cherylanne Martin, producer",HBO,Drama
2018,Game of Thrones ,"David Benioff, D. B. Weiss, Carolyn Strauss, Frank Doelger and Bernadette Caulfield, executive producers; George R. R. Martin, Guymon Casady, Vince Gerardis and Bryan Cogman, co-executive producers; Chris Newman, Lisa McAtackney and Greg Spence, producers",HBO,Drama
2018,The Americans ,"Joe Weisberg, Joel Fields, Chris Long, Graham Yost, Justin Falvey, Darryl Frank, Stephen Schiff and Mary Rae Thewlis, executive producers; Tracey Scott Wilson and Peter Ackerman, co-executive producers; Joshua Brand, consulting producer",FX,Drama
2018,The Crown ,"Peter Morgan, Stephen Daldry, Andy Harries, Philip Martin, Suzanne Mackie, Matthew Byam Shaw and Robert Fox, executive producers; Andy Stebbing and Martin Harrison, producers",Netflix,Drama
2018,The Handmaid's Tale ,"Bruce Miller, Warren Littlefield, Elisabeth Moss, Daniel Wilson and Fran Sears, executive producers; Mike Barker, Sheila Hockin, Eric Tuchman, Kira Snyder, Yahlin Chang, Frank Siracusa and John Weber, co-executive producers; Dorothy Fortenberry, producer; Joseph Boccia, produced by; Margaret Atwood and Ron Milbauer, consulting producers",Hulu,Drama
2018,Stranger Things ,"Iain Paterson, Shawn Levy, Dan Cohen and The Duffer Brothers, executive producers; Rand Geiger and Justin Doble, producers",Netflix,Drama
2018,This Is Us ,"Dan Fogelman, Jess Rosenthal, Isaac Aptaker, Elizabeth Berger, John Requa, Glenn Ficarra, Ken Olin and Charles Gogolak, executive producers; KJ Steinberg, Steve Beers, Don Roos and Tyler Bensinger, co-executive producers; Vera Herbert, supervising producer; Bekah Brunstetter, Cathy Mickel Gibson and Nick Pavonetti, producers",NBC,Drama
2018,Westworld ,"Jonathan Nolan, Lisa Joy, J. J. Abrams, Athena Wickham, Richard J. Lewis, Roberto Patino and Ben Stephenson, executive producers; Eugene Kelly, Ron Fitzgerald, Frederick E.O. Toye and Michael Polaire, co-executive producers; Carly Wray, Dan Dietz and Stephen Semel, producers; Jordan Goldberg, consulting producer",HBO,Drama
2019,Game of Thrones ,"David Benioff, D. B. Weiss, Carolyn Strauss, Bernadette Caulfield, Frank Doelger, David Nutter and Miguel Sapochnik, executive producers; Vince Gerardis, Guymon Casady, George R. R. Martin and Bryan Cogman, co-executive producers; Chris Newman, Greg Spence, Lisa McAtackney and Duncan Muggoch, producers",HBO,Drama
2019,Better Call Saul ,"Vince Gilligan, Peter Gould, Mark Johnson, Melissa Bernstein, Thomas Schnauz and Gennifer Hutchison, executive producers; Nina Jack and Diane Mercer, co-executive producers; Gordon Smith and Alison Tatlock, supervising producers; Ann Cherkis and Bob Odenkirk, producers; Robin Sweet, produced by",AMC,Drama
2019,Bodyguard ,"Jed Mercurio, Simon Heath, Elizabeth Kilgarriff and Roderick Seligman, executive producers; Priscilla Parish and Eric Coulter, produced by",Netflix,Drama
2019,Killing Eve ,"Sally Woodward Gentle, Lee Morris, Phoebe Waller-Bridge, Emerald Fennell, Gina Mingacci and Damon Thomas, executive producers; Francesca Gardiner and Sandra Oh, co-executive producers; Elinor Day, Morenike Williams and Andy Noble, produced by",BBC America,Drama
2019,Ozark ,"Jason Bateman, Chris Mundy, Bill Dubuque, Mark Williams and David Manson, executive producers; Alyson Feltes, Ryan Farley and Patrick Markey, co-executive producers; Erin Mitchell, producer; Matthew Spiegel, produced by",Netflix,Drama
2019,Pose ,"Ryan Murphy, Brad Falchuk, Nina Jacobson, Brad Simpson, Alexis Martin Woodall and Sherry Marsh, executive producers; Steven Canals and Silas Howard, co-executive producers; Janet Mock, Our Lady J and Lou Eyrich, producers; Erica Kay, produced by",FX,Drama
2019,Succession ,"Jesse Armstrong, Adam McKay, Will Ferrell, Frank Rich, Kevin Messick, Mark Mylod and Jane Tranter, executive producers; Tony Roche, Lucy Prebble and Georgia Pritchett, co-executive producers; Jonathan Glatzer and Jon Brown, supervising producers; Dara Schnapper, producer; Jonathan Filley, produced by",HBO,Drama
2019,This Is Us ,"Dan Fogelman, Jess Rosenthal, Isaac Aptaker, Elizabeth Berger, Ken Olin, John Requa, Glenn Ficarra and Charles Gogolak, executive producers; Steve Beers, KJ Steinberg, Kevin Falls and Julia Brownell, co-executive producers; Vera Herbert and Bekah Brunstetter, supervising producers; Shukree Hassan Tilghman, Nicholas Pavonetti and Cathy Mickel Gibson, producers",NBC,Drama
2020,Succession ,"Jesse Armstrong, Adam McKay, Will Ferrell, Frank Rich, Kevin Messick, Mark Mylod, Jane Tranter, Tony Roche and Scott Ferguson, executive producers; Jon Brown and Georgia Pritchett, co-executive producers; Jonathan Glatzer, supervising producer; Will Tracy, Dara Schnapper and Gabrielle Mahon, producers; Lucy Prebble, consulting producer",HBO,Drama
2020,Better Call Saul ,"Peter Gould, Vince Gilligan, Mark Johnson, Melissa Bernstein and Thomas Schnauz, executive producers; Diane Mercer, Gordon Smith and Alison Tatlock, co-executive producers; Ann Cherkis, supervising producer; Bob Odenkirk, producer; Princess Nash, produced by",AMC,Drama
2020,The Crown ,"Peter Morgan, Suzanne Mackie, Stephen Daldry, Andy Harries, Benjamin Caron, Matthew Byam Shaw and Robert Fox, executive producers; Michael Casey, Andy Stebbing, Martin Harrison and Oona O Beirn, producers",Netflix,Drama
2020,The Handmaid's Tale ,"Bruce Miller, Warren Littlefield, Elisabeth Moss, Daniel Wilson, Fran Sears, Mike Barker, Eric Tuchman, Sheila Hockin, John Weber and Frank Siracusa, executive producers; Kira Snyder, Yahlin Chang and Margaret Atwood, co-executive producers; Dorothy Fortenberry and Marissa Jo Cerar, supervising producers; Nina Fiore and John Herrera, producers; Kim Todd, produced by",Hulu,Drama
2020,Killing Eve ,"Sally Woodward Gentle, Lee Morris, Phoebe Waller-Bridge, Gina Mingacci, Sandra Oh, Damon Thomas, Suzanne Heathcote and Jeff Melvoin, executive producers; Lynn Horsford, co-executive producer; Nige Watson, produced by",BBC America,Drama
2020,The Mandalorian ,"Jon Favreau, Dave Filoni, Kathleen Kennedy and Colin Wilson, executive producers; Karen Gilchrist, co-executive producer",Disney+,Drama
2020,Ozark ,"Jason Bateman, Chris Mundy, Bill Dubuque, Mark Williams, Patrick Markey and John Shiban, executive producers; Miki Johnson, supervising producer; Erin Mitchell, Martin Zimmerman and Peter Thorell, producers; Matthew Spiegel, produced by",Netflix,Drama
2020,Stranger Things ,"Iain Paterson, Shawn Levy, Dan Cohen and The Duffer Brothers, executive producers; Curtis Gwinn, co-executive producer; Rand Geiger, producer",Netflix,Drama
2021,The Crown ,"Peter Morgan, Suzanne Mackie, Stephen Daldry, Andy Harries, Benjamin Caron, Matthew Byam Shaw and Robert Fox, executive producers; Michael Casey, Andy Stebbing, Martin Harrison and Oona O Beirn, producers",Netflix,Drama
2021,The Boys ,"Eric Kripke, Seth Rogen, Evan Goldberg, James Weaver, Neal H. Moritz, Pavun Shetty, Craig Rosenberg, Phil Sgriccia, Rebecca Sonnenshine, Ken F. Levin and Jason Netter, executive producers; Garth Ennis, Darick Robertson and Michael Saltzman, co-executive producers; Michaela Starr, supervising producer; Gabriel Garcia, producer; Hartley Gorenstein, produced by",Prime Video,Drama
2021,Bridgerton ,"Chris Van Dusen, Shonda Rhimes and Betsy Beers, executive producers; Scott Collins, Alison Eakle, Sara Fischer, Julia Quinn, Leila Cohan-Miccio, Jonathan Igla and Janet Lin, co-executive producers; Holden Chang and Sarah Dollard, producers; Sarada McDermott, produced by",Netflix,Drama
2021,The Handmaid's Tale ,"Bruce Miller, Warren Littlefield, Elisabeth Moss, Daniel Wilson, Fran Sears, Eric Tuchman, Sheila Hockin, John Weber, Frank Siracusa, Kira Snyder and Yahlin Chang, executive producers; Dorothy Fortenberry, Margaret Atwood, Kim Todd and Matt Hastings, co-executive producers; Nina Fiore and John Herrera, supervising producers",Hulu,Drama
2021,Lovecraft Country ,"Misha Green, J. J. Abrams, Jordan Peele, Bill Carraro, Yann Demange and Ben Stephenson, executive producers; Rachel Rusch Rich, Jonathan I. Kidd, Sonya Winton-Odamtten and Matt King, co-executive producers; Dana Robin, produced by",HBO,Drama
2021,The Mandalorian ,"Jon Favreau, Dave Filoni, Kathleen Kennedy and Colin Wilson, executive producers; Karen Gilchrist and Carrie Beck, co-executive producers; John Bartnicki, producer",Disney+,Drama
2021,Pose ,"Ryan Murphy, Brad Falchuk, Nina Jacobson, Brad Simpson, Alexis Martin Woodall, Sherry Marsh, Steven Canals and Janet Mock, executive producers; Our Lady J, co-executive producer; Tanase Popa, supervising producer; Lou Eyrich, Jeff Dickerson and Todd Nenninger, producers; Kip Davis Myers, produced by",FX,Drama
2021,This Is Us ,"John Requa, Glenn Ficarra, Charles Gogolak, Ken Olin, Isaac Aptaker, Elizabeth Berger, Dan Fogelman and Jess Rosenthal, executive producers; Kay Oyegun, Casey Johnson, David Windsor, Vera Herbert, Julia Brownell, Kevin Falls, K.J. Steinberg and Steve Beers, co-executive producers; Elan Mastai, supervising producer; Nick Pavonetti, producer; Cathy Mickel Gibson, produced by",NBC,Drama
2022,Succession ,"Jesse Armstrong, Adam McKay, Will Ferrell, Frank Rich, Kevin Messick, Mark Mylod, Jane Tranter, Tony Roche, Scott Ferguson, Jon Brown, Lucy Prebble and Will Tracy, executive producers; Georgia Pritchett and Ted Cohen, co-executive producers; Susan Soon He Stanton and Dara Schnapper, supervising producers; Gabrielle Mahon, produced by; Francesca Gardiner, consulting producer",HBO,Drama
2022,Better Call Saul ,"Vince Gilligan, Peter Gould, Mark Johnson, Melissa Bernstein, Thomas Schnauz, Gordon Smith, Alison Tatlock, Diane Mercer and Michael Morris, executive producers; Ann Cherkis, co-executive producer; Trina Siopy, supervising producer; Bob Odenkirk and Jenn Carroll, producers; Jim Powers, produced by",AMC,Drama
2022,Euphoria ,"Sam Levinson, Kevin Turen, Ravi Nandan, Drake, Adel ""Future"" Nur, Zendaya, Will Greenfield, Ashley Levinson, Ron Leshem and Hadas Moses Lichtenstein, executive producers; Kenneth Yu and Harrison Kreiss, producers",HBO,Drama
2022,Ozark ,"Jason Bateman, Chris Mundy, Bill Dubuque, Mark Williams, Patrick Markey and John Shiban, executive producers; Miki Johnson and Laura Linney, co-executive producers; Erin Mitchell and Martin Zimmerman, supervising producers; Paul Kolsby and Laura Deeley, producers; Dana Scott, produced by",Netflix,Drama
2022,Severance ,"Ben Stiller, Nicholas Weinstock, Jackie Cohn, Mark Friedman, Dan Erickson, Andrew Colville, Chris Black and John Cameron, executive producers; Jill Footlick and Kari Drake, co-executive producers; Adam Scott, Patricia Arquette, Aoife McArdle, Amanda Overton and Gerry Robert Byrne, producers",Apple TV+,Drama
2022,Squid Game ,"Kim Ji-yeon and Hwang Dong-hyuk, executive producers",Netflix,Drama
2022,Stranger Things ,"The Duffer Brothers, Dan Cohen, Shawn Levy, Curtis Gwinn and Iain Paterson, executive producers; Rand Geiger, Kate Trefry and Paul Dichter, producers; Lampton Enochs, produced by",Netflix,Drama
2022,Yellowjackets ,"Jonathan Lisco, Ashley Lyle and Bart Nickerson, Drew Comins and Karyn Kusama, executive producers; Liz Phang, Jamie Travis, Brad Van Arragon, Sarah L. Thompson and Ameni Rozsa, co-executive producers; Chantelle M. Wells, supervising producer",Showtime,Drama
