imdb_title_id,title_id,Rank,Years of running,Certificate,Rating,Votes,Synopsis
1,1,1,(2008–2013),MA,9.5,1969786,A chemistry teacher diagnosed with inoperable lung cancer turns to manufacturing and selling methamphetamine with a former student in order to secure his family's future.
2,2,2,(2011–2019),MA,9.2,2157720,"Nine noble families fight for control over the lands of Westeros, while an ancient enemy returns after being dormant for millennia."
3,3,3,-2019,MA,9.4,794031,"In April 1986, an explosion at the Chernobyl nuclear power plant in the Union of Soviet Socialist Republics becomes one of the world's worst man-made catastrophes."
4,4,4,-2001,MA,9.4,482652,"The story of Easy Company of the U.S. Army 101st Airborne Division and their mission in World War II Europe, from Operation Overlord to V-J Day."
5,5,5,(2010–2017),14,9.1,948481,A modern update finds the famous sleuth and his doctor partner solving crime in 21st-century London.
6,6,6,(2002–2008),MA,9.3,351597,"The Baltimore drug scene, as seen through the eyes of drug dealers and law enforcement."
7,7,7,(2005–2008),Y7-FV,9.3,329959,"In a war-torn world of elemental magic, a young boy reawakens to undertake a dangerous mystic quest to fulfill his destiny as the Avatar, and bring peace to the world."
8,8,8,(1994–2004),14,8.9,1023769,Follows the personal and professional lives of six twenty to thirty year-old friends living in the Manhattan borough of New York City.
9,9,9,(1999–2007),MA,9.2,421341,"New Jersey mob boss Tony Soprano deals with personal and professional issues in his home and business life that affect his mental state, leading him to seek professional psychiatric counseling."
10,10,10,(2013– ),14,9.1,549438,An animated series that follows the exploits of a super scientist and his not-so-bright grandson.
11,11,11,(2005–2013),14,9.0,637309,"A mockumentary on a group of typical office workers, where the workday consists of ego clashes, inappropriate behavior, and tedium."
12,11,137,(2001–2003),MA,8.5,116903,The story of an office that faces closure when the company decides to downsize its branches. A documentary film crew follow staff and the manager David Brent as they continue their daily lives.
13,12,12,(2013–2023),MA,9.1,408319,"After his hometown is destroyed and his mother is killed, young Eren Jaeger vows to cleanse the earth of the giant humanoid Titans that have brought humanity to the brink of extinction."
14,13,13,(2016–2022),14,8.7,1238960,"When a young boy disappears, his mother, a police chief and his friends must confront terrifying supernatural forces in order to get him back."
15,14,14,(2014– ),MA,8.9,592615,"Seasonal anthology series in which police investigations unearth the personal and professional secrets of those involved, both within and outside the law."
16,15,15,(2015–2022),MA,8.9,570948,The trials and tribulations of criminal lawyer Jimmy McGill in the years leading up to his fateful run-in with Walter White and Jesse Pinkman.
17,16,16,(2006–2007),14,9.0,341258,An intelligent high school student goes on a secret crusade to eliminate criminals from the world after discovering a notebook capable of killing anyone whose name is written into it.
18,17,17,(2013–2022),MA,8.8,578596,"A gangster family epic set in 1900s England, centering on a gang who sew razor blades in the peaks of their caps, and their fierce boss Tommy Shelby."
19,18,18,(2011– ),MA,8.8,569974,"An anthology series exploring a twisted, high-tech multiverse where humanity's greatest innovations and darkest instincts collide."
20,19,19,(2006–2013),MA,8.7,737552,"He's smart. He's lovable. He's Dexter Morgan, America's favorite serial killer, who spends his days solving crimes and nights committing them."
21,20,20,(2014–2023),MA,8.9,382512,"Various chronicles of deception, intrigue and murder in and around frozen Minnesota. Yet all of these tales mysteriously lead back one way or another to Fargo, North Dakota."
22,21,21,(2002–2003),14,9.0,271280,"Five hundred years in the future, a renegade crew aboard a small spacecraft tries to survive as they travel the unknown parts of the galaxy and evade warring factions as well as authority agents out to get them."
23,22,22,(1989–1998),PG,8.9,330274,The continuing misadventures of neurotic New York City stand-up comedian Jerry Seinfeld and his equally neurotic New York City friends.
24,23,23,(2015–2017),MA,8.8,440376,"A chronicled look at the criminal exploits of Colombian drug lord Pablo Escobar, as well as the many other drug kingpins who plagued the country through the years."
25,24,24,(2009–2010),14,9.1,177671,Two brothers search for a Philosopher's Stone after an attempt to revive their deceased mother goes awry and leaves them in damaged physical forms.
26,25,25,(2019– ),MA,8.7,548803,A group of vigilantes set out to take down corrupt superheroes who abuse their superpowers.
27,26,26,(2019– ),14,8.7,540988,"The travels of a lone bounty hunter in the outer reaches of the galaxy, far from the authority of the New Republic."
28,27,27,(2021– ),14,9.0,226426,"Set in Utopian Piltover and the oppressed underground of Zaun, the story follows the origins of two iconic League Of Legends champions and the power that will tear them apart."
29,28,28,(2023– ),MA,8.8,401339,"After a global pandemic destroys civilization, a hardened survivor takes charge of a 14-year-old girl who may be humanity's last hope."
30,29,29,(2013–2018),MA,8.7,513755,A Congressman works with his equally conniving wife to exact revenge on the people who betrayed him.
31,30,30,(2004–2012),14,8.7,477804,An antisocial maverick doctor who specializes in diagnostic medicine does whatever it takes to solve puzzling cases that come his way using his crack team of doctors and his wits.
32,31,31,(1989– ),14,8.7,416915,The satiric adventures of a working-class family in the misfit city of Springfield.
33,32,32,(2017–2020),MA,8.7,407222,"A family saga with a supernatural twist, set in a German town where the disappearance of two young children exposes the relationships among four families."
34,33,33,(1997– ),14,8.7,386877,"Follows the misadventures of four irreverent grade-schoolers in the quiet, dysfunctional town of South Park, Colorado."
35,34,34,-2020,MA,8.6,486176,"Orphaned at the tender age of nine, prodigious introvert Beth Harmon discovers and masters the game of chess in 1960s USA. But child stardom comes at a price."
36,35,35,(2020– ),MA,8.8,256547,"American college football coach Ted Lasso heads to London to manage AFC Richmond, a struggling English Premier League football team."
37,36,36,(2015–2018),MA,8.6,452108,"A blind lawyer by day, vigilante by night. Matt Murdock fights the crime of New York as Daredevil."
38,37,37,(2003–2019),14,8.7,312100,"Level-headed son Michael Bluth takes over family affairs after his father is imprisoned. But the rest of his spoiled, dysfunctional family are making his job unbearable."
39,38,38,(2005– ),MA,8.8,234265,Five friends with big egos and small brains are the proprietors of an Irish pub in Philadelphia.
40,39,39,(2013–2020),MA,8.5,550093,"Vikings transports us to the brutal and mysterious world of Ragnar Lothbrok, a Viking warrior and farmer who yearns to explore--and raid--the distant shores across the ocean."
41,40,40,(2016–2022),MA,8.5,514869,"At the intersection of the near future and the reimagined past, waits a world in which every human appetite can be indulged without consequence."
42,41,41,(1990–1991),MA,8.8,203568,An idiosyncratic FBI agent investigates the murder of a young woman in the even more idiosyncratic town of Twin Peaks.
43,41,184,-2017,MA,8.5,70635,Picks up 25 years after the inhabitants of a quaint northwestern town are stunned when their homecoming queen is murdered.
44,42,42,(1959–1964),PG,9.1,86926,"Ordinary people find themselves in extraordinarily astounding situations, which they each try to solve in a remarkable manner."
45,43,43,(2011–2014),14,9.0,110269,"Gon Freecss aspires to become a Hunter, an exceptional being capable of greatness. With his friends and his potential, he seeks out his father, who left him when he was younger."
46,44,44,(2009–2020),PG,8.5,448662,Three different but related families face trials and tribulations in their own uniquely comedic ways.
47,45,45,(2007–2015),MA,8.7,246590,"A drama about one of New York's most prestigious ad agencies at the beginning of the 1960s, focusing on one of the firm's most mysterious but extremely talented ad executives, Donald Draper."
48,46,46,(1992–1995),PG,9.0,108148,The Dark Knight battles crime in Gotham City with occasional help from Robin and Batgirl.
49,47,47,(2018–2023),MA,8.8,183336,"The Roy family is known for controlling the biggest media and entertainment company in the world. However, their world changes when their father steps down from the company."
50,48,48,(1999– ),14,8.9,138123,"Follows the adventures of Monkey D. Luffy and his pirate crew in order to find the greatest treasure ever left by the legendary Pirate, Gold Roger. The famous mystery treasure named ""One Piece""."
51,49,49,(2008–2014),MA,8.6,306228,A biker struggles to balance being a father and being involved in an outlaw motorcycle club.
52,50,50,(2017–2019),MA,8.6,304323,"Set in the late 1970s, two FBI agents are tasked with interviewing serial killers to solve open cases."
53,51,51,(2014–2020),MA,8.8,168308,"BoJack Horseman was the star of the hit television show ""Horsin' Around"" in the '80s and '90s, but now he's washed up, living in Hollywood, complaining about everything, and wearing colorful sweaters."
54,52,52,(2015–2019),MA,8.5,397712,"Elliot, a brilliant but highly unstable young cyber-security engineer and vigilante hacker, becomes a key figure in a complex game of global dominance when he and his shadowy allies try to take down the corrupt corporation he works for."
55,53,53,-2019,MA,8.9,127221,Five teens from Harlem become trapped in a nightmare when they're falsely accused of a brutal attack in Central Park. Based on the true story.
56,54,54,(1998–1999),14,8.9,126183,The futuristic misadventures and tragedies of an easygoing bounty hunter and his partners.
57,55,55,(2010–2015),PG,8.7,212920,A chronicle of the lives of the British aristocratic Crawley family and their servants in the early twentieth century.
58,56,56,(2005–2014),14,8.3,699589,A father recounts to his children - through a series of flashbacks - the journey he and his four best friends took leading up to him meeting their mother.
59,57,57,(2009–2015),14,8.6,269411,The absurd antics of an Indiana town's public officials as they pursue sundry projects to make their city a better place.
60,58,58,(2012–2016),Y7,8.9,117635,"Twin siblings Dipper and Mabel Pines spend the summer at their great-uncle's tourist trap in the enigmatic Gravity Falls, Oregon."
61,59,59,-2018,MA,8.6,257272,"Flashing between past and present, a fractured family confronts haunting memories of their old home and the terrifying events that drove them from it."
62,60,60,(1999–2000),14,8.8,146707,A high school mathlete starts hanging out with a group of burnouts while her younger brother navigates his freshman year.
63,61,61,(2011–2021),MA,8.6,253339,"A scrappy, feisty, fiercely loyal Chicago family makes no apologies."
64,62,62,(2005–2020),14,8.4,457865,"Two brothers follow their father's footsteps as hunters, fighting evil supernatural beings of many kinds, including monsters, demons, and gods that roam the earth."
65,63,63,(2017–2022),MA,8.5,326060,"A financial advisor drags his family from Chicago to the Missouri Ozarks, where he must launder money to appease a drug boss."
66,63,63,(2017–2022),MA,8.5,326060,"A financial advisor drags his family from Chicago to the Missouri Ozarks, where he must launder money to appease a drug boss."
67,64,65,(2007–2019),PG,8.2,827303,A woman who moves into an apartment across the hall from two brilliant but socially awkward physicists shows them how little they know about life outside of the laboratory.
68,65,66,(1989–1996),PG,8.8,136364,"With the help of the powerful Dragonballs, a team of fighters led by the saiyan warrior Goku defend the planet earth from extraterrestrial enemies."
69,66,67,(2005–2007),MA,8.7,176288,A down-to-earth account of the lives of both illustrious and ordinary Romans set in the last days of the Roman Republic.
70,67,68,(1993–2018),14,8.6,233697,"Two F.B.I. Agents, Fox Mulder the believer and Dana Scully the skeptic, investigate the strange and unexplained, while hidden forces work to impede their efforts."
71,68,69,(2011–2019),14,8.4,423943,"On the run from a drug deal gone bad, brilliant college dropout Mike Ross finds himself working with Harvey Specter, one of New York City's best lawyers."
72,69,70,(2000– ),MA,8.8,133846,The life and times of Larry David and the predicaments he gets himself into with his friends and complete strangers.
73,70,71,(2018–2023),MA,8.7,175303,A ranching family in Montana faces off against others encroaching on their land.
74,71,72,(2005– ),PG,8.6,230943,The further adventures in time and space of the alien adventurer known as the Doctor and their companions from planet Earth.
75,72,73,(2016–2023),MA,8.6,229261,Follows the political rivalries and romance of Queen Elizabeth II's reign and the events that shaped the second half of the 20th century.
76,73,74,(2004–2010),14,8.3,566508,The survivors of a plane crash are forced to work together in order to survive on a seemingly deserted tropical island.
77,74,75,(2016–2019),MA,8.7,172173,A comedy series adapted from the award-winning play about a young woman trying to cope with life in London whilst coming to terms with a recent tragedy.
78,75,76,(2004–2009),14,8.7,169743,"When an old enemy, the Cylons, resurface and obliterate the 12 colonies, the crew of the aged Galactica protect a small civilian fleet - the last of humanity - as they journey toward the fabled 13th colony, Earth."
79,75,169,-2003,14,8.5,77482,"Following the destruction of the Twelve Colonies of Kobol by the Cylons, a rag-tag fugitive fleet of the last remnants of mankind flees the pursuing Cylons while simultaneously searching for their true home: Earth."
80,76,77,(2015–2019),PG,8.7,169149,"The story of Saitama, a hero that does it just for fun & can defeat his enemies with a single punch."
81,77,78,(2005–2017),14,8.3,550506,"Due to a political conspiracy, an innocent man is sent to death row and his only hope is his brother, who makes it his mission to deliberately get himself sent to the same prison in order to break the both of them out, from the inside."
82,78,79,(2010–2022),MA,8.1,1025075,Sheriff Deputy Rick Grimes wakes up from a coma to learn the world is in ruins and must lead a group of survivors to stay alive.
83,79,80,(2009–2015),14,8.5,275693,A suspended lawyer is forced to enroll in a community college with an eccentric staff and student body.
84,80,81,(2021– ),MA,8.7,151585,An adult animated series based on the Skybound/Image comic about a teenager whose father is the most powerful superhero on the planet.
85,81,82,(2022– ),MA,8.7,150807,"Mark leads a team of office workers whose memories have been surgically divided between their work and personal lives. When a mysterious colleague appears outside of work, it begins a journey to discover the truth about their jobs."
86,82,83,(2016–2022),14,8.7,149195,"A heartwarming and emotional story about a unique set of triplets, their struggles, and their wonderful parents."
87,83,84,(2013–2015),MA,8.5,261536,Explores the early relationship between renowned psychiatrist Hannibal Lecter and a young FBI criminal profiler who is haunted by his ability to empathize with serial killers.
88,84,85,(2010–2014),MA,8.6,194516,An Atlantic City politician plays both sides of the law by conspiring with gangsters during the Prohibition era.
89,85,86,(2010–2013),MA,8.5,247238,"The life of Spartacus, the gladiator who lead a rebellion against the Romans. From his time as an ally of the Romans, to his betrayal and becoming a gladiator, to the rebellion he leads and its ultimate outcome."
90,86,87,(2017–2019),MA,8.5,246631,"After his revenge on those who murdered his family, aimless Marine veteran Frank Castle finds a new meaning in life as a vigilante known as ""The Punisher""."
91,87,88,(2013–2021),14,8.4,331395,"Comedy series following the exploits of Det. Jake Peralta and his diverse, lovable colleagues as they police the NYPD's 99th Precinct."
92,88,89,(1999–2023),14,8.5,245239,"Philip J. Fry, a pizza delivery boy, is accidentally frozen in 1999 and thawed out on New Year's Eve 2999."
93,89,90,(2001–2005),MA,8.7,138593,A chronicle of the lives of a dysfunctional family who run an independent funeral home in Los Angeles.
94,90,91,(2007–2017),PG,8.7,136092,"Naruto Uzumaki, is a loud, hyperactive, adolescent ninja who constantly searches for approval and recognition, as well as to become Hokage, who is acknowledged as the leader and strongest of all ninja in the village."
95,91,92,(1999–2006),14,8.9,80075,Inside the lives of staffers in the West Wing of the White House.
96,92,93,(1987–1994),PG,8.7,126903,"Set almost 100 years after Captain Kirk's 5-year mission, a new generation of Starfleet officers sets off in the U.S.S. Enterprise-D on its own mission to go where no one has gone before."
97,93,94,(1975–1979),PG,8.8,96071,"Hotel owner Basil Fawlty's incompetence, short fuse, and arrogance form a combination that ensures accidents and trouble are never far away."
98,94,95,(2017–2023),MA,8.7,122563,"After her husband leaves her, young mother of two Miriam ""Midge"" Maisel discovers that she has a talent for stand-up comedy. Could this be her calling?"
99,95,96,(2009– ),MA,8.6,158844,Covert black ops and espionage take a back seat to zany personalities and relationships between secret agents and drones.
100,96,97,(2017–2019),MA,8.5,209084,The apparently-perfect lives of upper-class mothers of students at a prestigious elementary school unravel to the point of murder when a single mother moves to their quaint California beach town.
101,97,98,(2019– ),MA,8.7,117127,"A family is attacked by demons and only two members survive - Tanjiro and his sister Nezuko, who is turning into a demon slowly. Tanjiro sets out to become a demon slayer to avenge his family and cure his sister."
102,98,99,(1981–2003),PG,9.0,53723,Comedy that follows two brothers from London's rough Peckham estate as they wheel and deal through a number of dodgy deals and search for the big score that'll make them millionaires.
103,99,100,(2017–2021),MA,8.2,494468,An unusual group of robbers attempt to carry out the most perfect robbery in Spanish history - stealing 2.4 billion euros from the Royal Mint of Spain.
104,100,101,-1995,PG,8.8,87578,"While the arrival of wealthy gentlemen sends her marriage-minded mother into a frenzy, willful and opinionated Elizabeth Bennet matches wits with haughty Mr. Darcy."
105,101,102,(2001–2010),14,8.4,261625,"In the unreal world of Sacred Heart Hospital, intern John ""J.D."" Dorian learns the ways of medicine, friendship and life."
106,102,103,(2018–2023),14,8.5,192975,"Decades after their 1984 All Valley Karate Tournament bout, a middle-aged Daniel LaRusso and Johnny Lawrence find themselves martial-arts rivals again."
107,103,104,(2011–2020),MA,8.3,348872,A bipolar CIA operative becomes convinced a prisoner of war has been turned by al-Qaeda and is planning to carry out a terrorist attack on American soil.
108,104,105,(2008–2013),14,8.4,249161,An F.B.I. agent is forced to work with an institutionalized scientist and his son in order to rationalize a brewing storm of unexplained phenomena.
109,105,106,(2017– ),MA,8.4,246318,"Set in a dystopian future, a woman is forced to live as a concubine under a fundamentalist theocratic dictatorship."
110,106,107,(2011–2016),14,8.5,180944,"An ex-CIA agent and a wealthy programmer save lives via a surveillance AI that sends them the identities of civilians involved in impending crimes. However, the details of the crimes, including the civilians' roles, are left a mystery."
111,107,108,(1997–2003),MA,8.7,102103,A series chronicling the daily activities of an unusual prison facility and its criminal inhabitants.
112,108,109,(2004–2011),MA,8.5,172315,Film star Vince Chase navigates the vapid terrain of Los Angeles with a close circle of friends and his trusty agent.
113,109,110,(2019– ),MA,8.3,298322,A teenage boy with a sex therapist mother teams up with a high school classmate to set up an underground sex therapy clinic at school.
114,110,111,(2015–2022),14,8.5,160246,"In the 24th century, a group of humans untangle a vast plot which threatens the Solar System's fragile state of detente."
115,111,112,(2021–2022),MA,8.7,92302,Follows the Dutton family as they embark on a journey west.
116,112,113,(2006–2013),14,8.5,157540,"The comedic misadventures of Roy, Moss and their grifting supervisor Jen, a rag-tag team of IT support workers at a large corporation headed by a hotheaded yuppie."
117,113,114,-2018,MA,9.0,43219,A man diagnosed with Alzheimer's decides to punish criminals.
118,114,115,(2012–2014),MA,8.6,119080,"A newsroom undergoes some changes in its workings and morals as a new team is brought in, bringing unexpected results for its existing news anchor."
119,115,116,(2014–2019),MA,8.5,156031,"Follows the struggle of Richard Hendricks, a Silicon Valley engineer trying to build his own company called Pied Piper."
120,116,117,(2019– ),MA,8.1,517109,"Geralt of Rivia, a solitary monster hunter, struggles to find his place in a world where people often prove more wicked than beasts."
121,117,118,(2015–2022),MA,8.5,151794,"As Alfred the Great defends his kingdom from Norse invaders, Uhtred--born a Saxon but raised by Vikings--seeks to claim his ancestral birthright."
122,118,119,(2011–2015),14,8.8,66157,"After discovering time travel, a university student and his colleagues must use their knowledge of it to stop an evil organization and their diabolical plans."
123,119,120,(2004–2006),MA,8.6,110990,"A show set in the late 1800s, revolving around the characters of Deadwood, South Dakota; a town of deep corruption and crime."
124,120,121,(1999– ),MA,8.2,349768,"In a wacky Rhode Island town, a dysfunctional family strives to cope with everyday life as they are thrown from one crazy scenario to another."
125,121,122,(2001–2010),14,8.4,190903,Counter Terrorism Agent Jack Bauer races against the clock to subvert terrorist plots and save his nation from ultimate disaster.
126,122,123,(2002–2008),MA,8.7,83180,Drama series following the lives and cases of dirty cop Vic Mackey and the corrupt LAPD unit under his command.
127,123,124,-2011,MA,8.5,140724,"In the time before the arrival of Spartacus, the House of Batiatus faces many challenges from competitors, and within its own household."
128,124,125,(2021– ),14,8.2,337813,The mercurial villain Loki resumes his role as the God of Mischief in a new series that takes place after the events of “Avengers: Endgame.”
129,125,126,(2010–2015),MA,8.6,104658,"U.S. Marshal Raylan Givens is reassigned from Miami to his childhood home in the poor, rural coal mining towns of eastern Kentucky."
130,126,127,-2014,PG,8.8,61040,Two brothers find themselves lost in a mysterious land and try to find their way home.
131,127,128,(2019– ),MA,8.4,178236,"A collection of animated short stories that span various genres including science fiction, fantasy, horror and comedy."
132,128,129,(2010–2018),PG,8.6,100761,"A twelve-year-old boy and his best friend, a wise twenty-eight-year-old dog with magical powers, go on a series of surreal adventures in a remote future."
133,129,130,(2015–2020),14,8.5,129189,"After being a victim of fraud, Johnny Rose and his family go from extremely wealthy to penniless overnight. The only asset left to them is a small, unsophisticated town: Schitt's Creek. They relocate there. Culture shock ensues."
134,130,131,-2021,MA,8.4,167147,A detective in a small Pennsylvania town investigates a local murder while trying to keep her life from falling apart.
135,131,132,(2014– ),MA,8.4,165077,"Claire Beauchamp Randall, a nurse in World War II, mysteriously goes back in time to Scotland in 1743. There, she meets a dashing Highland warrior and gets drawn into an epic rebellion."
136,132,133,(2006–2008),14,8.7,72318,"After being given a mysterious power to control others, an outcast prince becomes the masked leader of the rebellion against an all-powerful empire."
137,133,134,-2016,MA,8.4,158752,"After a night of partying with a woman he picked up, a man wakes up to find her stabbed to death and is charged with her murder."
138,134,135,-1989,PG,8.8,54443,"Stuck in the middle of World War I, Captain Edmund Blackadder does his best to escape the banality of the war."
139,135,136,(2006–2011),14,8.7,68839,"A drama that follows the lives of the Dillon Panthers, one of the nation's best high school football teams, and their head coach Eric Taylor."
140,136,138,(2019– ),MA,8.3,203679,"A look at life for a group of high school students as they grapple with issues of drugs, sex, and violence."
141,137,139,(2010–2019),MA,8.4,147719,DCI John Luther is a near-genius murder detective whose brilliant mind can't always save him from the dangerous violence of his passions.
142,138,140,(2019– ),MA,8.6,83979,A look into the nightly lives of four vampires who have lived together on Staten Island for over a century.
143,139,141,(2019–2022),MA,8.4,142678,"After Tony's wife dies, his nice-guy persona is altered into an impulsive, devil-may-care attitude that takes his old world by storm."
144,140,142,(2012–2021),14,8.7,63497,"Drama series following the investigations of AC-12, a controversial police anti-corruption unit."
145,141,143,(2021– ),MA,8.0,474581,"Hundreds of cash-strapped players accept a strange invitation to compete in children's games. Inside, a tempting prize awaits with deadly high stakes. A survival game that has a whopping 45.6 billion-won prize at stake."
146,142,144,(2003–2015),MA,8.7,62746,Mark and Jez are a couple of twenty-something roommates who have nothing in common - except for the fact that their lives are anything but normal. Mayhem ensues as the pair strive to cope with day-to-day life.
147,143,145,(2019– ),MA,8.8,48924,Thorfinn pursues a journey with his father's killer in order to take revenge and end his life in a duel as an honorable warrior and pay his father a homage.
148,144,146,(2007–2014),MA,8.3,184176,"A writer tries to juggle his career, his relationship with his daughter and his ex-girlfriend, as well as his appetite for beautiful women."
149,145,147,(2016–2022),MA,8.6,79935,"Earn and his cousin Alfred, based in Atlanta, try to make their way in the world through the rap scene. Along the way they come face-to-face with social and economic issues touching on race, relationships, poverty, status, and parenthood."
150,146,148,(2016–2021),14,8.1,335230,Lucifer Morningstar has decided he's had enough of being the dutiful servant in Hell and decides to spend some time on Earth to better understand humanity. He settles in Los Angeles - the City of Angels.
151,147,149,(2022– ),14,8.4,136545,"Prequel series to Star Wars' 'Rogue One'. In an era filled with danger, deception and intrigue, Cassian will embark on the path that is destined to turn him into a Rebel hero."
152,148,150,(2017–2019),PG,8.7,59172,"The adventures of a young orphan girl living in the early 19th century. Follow Anne as she learns to navigate her new life on Prince Edward Island, in this new take on L.M. Montgomery's classic novels."
153,149,151,(2022– ),14,8.1,315013,"Follows Wednesday Addams' years as a student, when she attempts to master her emerging psychic ability, thwart a killing spree, and solve the mystery that embroiled her parents."
154,150,152,(2013–2019),MA,8.1,309152,"Convicted of a decade old crime of transporting drug money to an ex-girlfriend, normally law-abiding Piper Chapman is sentenced to a year and a half behind bars to face the reality of how life-changing prison can really be."
155,151,153,(2012–2014),PG,8.4,126518,Avatar Korra fights to keep Republic City safe from the evil forces of both the physical and spiritual worlds.
156,152,154,(2011–2018),MA,8.6,72091,"When a body is found on the bridge between Denmark and Sweden, right on the border, Danish inspector Martin Rohde and Swedish Saga Norén have to share jurisdiction and work together to find the killer."
157,153,155,(1989–1990),MA,9.0,26525,"Ten television drama films, each one based on one of the Ten Commandments."
158,154,156,(2013–2017),MA,8.4,118043,"The murder of a young boy in a small coastal town brings a media frenzy, which threatens to tear the community apart."
159,155,157,(2018–2019),MA,8.5,89592,"A link in their pasts leads an honest cop to a fugitive gang boss, whose cryptic warning spurs the officer on a quest to save Mumbai from cataclysm."
160,156,158,(1997–2003),14,8.3,151894,"A young woman, destined to slay vampires, demons and other infernal creatures, deals with her life fighting evil, with the help of her friends."
161,157,159,(2002–2007),PG,8.4,110211,"Naruto Uzumaki, a mischievous adolescent ninja, struggles as he searches for recognition and dreams of becoming the Hokage, the village's leader and strongest ninja."
162,158,160,(2013–2016),MA,8.4,109469,"An ex-con assumes the identity of a murdered sheriff in the small town of Banshee, Pennsylvania, where he has some unfinished business."
163,159,161,-2019,MA,8.4,108564,"A teenager is charged with lying about having been raped, but two detectives follow the path to the truth."
164,160,162,-2021,MA,8.6,63470,"The series takes viewers to the epicenter of America's struggle with opioid addiction, from the boardrooms of Purdue Pharma, to a distressed Virginia mining community, to the hallways of the DEA."
165,161,163,-2017,MA,8.3,142531,"Adventurer James Keziah Delaney returns to London during the War of 1812 to rebuild his late father's shipping empire. However, both the government and his biggest competitor want his inheritance at any cost--even murder."
166,162,164,(2013–2018),14,8.3,140378,A family of power-hungry thousand-year-old vampires look to take back the city that they built and dominate all those who have done them wrong.
167,163,165,(2008–2020),PG,8.4,105918,Jedi Knights lead the Grand Army of the Republic against the droid army of the Separatists.
168,164,166,(2010–2015),MA,8.5,80242,"The life of Louie C.K., a divorced comedian living in New York with two kids."
169,165,167,(2013–2018),MA,8.4,103885,"At the height of the Cold War, two Russian agents pose as the average American couple, complete with family."
170,166,168,(2022– ),MA,9.0,18691,"The peace is suddenly broken when warning sirens blare through the Soul Society. Residents are disappearing without a trace and nobody knows who's behind it. Meanwhile, a darkness is approaching Ichigo and his friends in Karakura Town."
171,167,170,(2006–2014),PG,8.4,100934,"When a novice sleuth convinces the police he has psychic powers, he and his reluctant best friend are hired on as consultants to help solve complicated cases."
172,168,171,(2011– ),MA,8.0,326688,"An anthology series centering on different characters and locations, including a house with a murderous past, an insane asylum, a witch coven, a freak show circus, a haunted hotel, a possessed farmhouse, a cult, the apocalypse, a slasher summer camp, a bleak beach town and desert valley, and NYC."
173,169,172,(2014–2021),MA,8.5,75569,An L.A.P.D. homicide detective works to solve the murder of a 13-year-old boy while standing trial in federal court for the murder of a serial killer.
174,170,173,(1995–1996),MA,8.5,75196,A teenage boy finds himself recruited as a member of an elite team of pilots by his father.
175,171,174,(2016– ),MA,8.4,97523,"New money means no mercy as Mike Prince takes the Axe Capital throne. Chuck Rhoades is convinced no one should have that much wealth - or power. As all the players seek out new alliances, only one thing's for certain - wealth means war."
176,172,175,(2016–2020),PG,8.2,170821,Four people and their otherworldly frienemy struggle in the afterlife to define what it means to be good.
177,173,176,(2016– ),MA,8.4,96729,An anthology series centered around America's most notorious crimes and criminals.
178,174,177,(1997–2007),14,8.4,96744,"A secret military team, SG-1, is formed to explore other planets through the recently discovered Stargates."
179,175,178,(2006–2013),14,8.3,127190,"Liz Lemon, head writer of the sketch-comedy show ""TGS with Tracy Jordan"", must deal with an arrogant new boss and a crazy new star while trying to run a successful television show without losing her mind."
180,176,179,(2003–2004),PG,8.5,73299,"When a failed alchemical ritual leaves brothers Edward and Alphonse Elric with severely damaged bodies, they begin searching for the one thing that can save them: the fabled philosopher's stone."
181,177,180,(1997–1998),MA,8.7,43755,"Guts is a skilled swordsman who joins forces with a mercenary group named 'The Band of the Hawk', lead by the charismatic Griffith, and fights with them as they battle their way into the royal court."
182,178,181,(1999–2001),14,8.5,55836,"Friends Tim and Daisy, 20-something North Londoners with uncertain futures, must pretend to be a couple to live in the only apartment they can afford."
183,179,182,(2020– ),MA,8.5,71300,A boy swallows a cursed talisman - the finger of a demon - and becomes cursed himself. He enters a shaman's school to be able to locate the demon's other body parts and thus exorcise himself.
184,180,183,(2018–2023),MA,8.4,93692,A hit man from the Midwest moves to Los Angeles and gets caught up in the city's theatre arts scene.
185,181,185,(1995–1998),14,8.7,41803,"Three misfit priests and their housekeeper live on Craggy Island, not the peaceful and quiet part of Ireland that it seems to be."
186,182,186,(2008–2010),14,8.4,90488,Follows four friends and their antics during their final years of school.
187,183,187,(2022– ),MA,8.3,119331,"Picking up where The Suicide Squad (2021) left off, Peacemaker returns home after recovering from his encounter with Bloodsport - only to discover that his freedom comes at a price."
188,184,188,(2014–2021),MA,8.7,41612,Ciro disregards tradition in his attempt to become the next boss of his crime syndicate. The internal power struggle puts him and his entire family's life at risk.
189,185,189,(2022– ),MA,8.4,90308,A young chef from the fine dining world returns to Chicago to run his family's sandwich shop.
190,186,190,(2015–2018),MA,8.2,157695,"A group of people around the world are suddenly linked mentally, and must find a way to survive being hunted by those who see them as a threat to the world's order."
191,187,191,-2010,MA,8.3,116635,"The Pacific Theatre of World War II, as seen through the eyes of several young Marines."
192,188,192,(2011–2014),14,8.3,116038,"A police investigation, the saga of a grieving family, and a Seattle mayoral campaign all interlock after the body of 17-year-old Rosie Larsen is found in the trunk of a submerged car."
193,189,193,(2005– ),14,8.1,207239,A group of criminal profilers who work for the FBI as members of its Behavioral Analysis Unit (BAU) using behavioral analysis and profiling to help investigate crimes and find the suspect known as the unsub.
194,190,194,(2018–2021),MA,8.4,87646,The rise of the Guadalajara Cartel as an American DEA agent learns the danger of targeting narcos in Mexico.
195,191,195,-2021,MA,8.4,87573,"After fleeing an abusive relationship, a young mother finds a job cleaning houses as she fights to provide for her child and build them a better future."
196,192,196,(1966–1969),PG,8.4,87308,"In the 23rd Century, Captain James T. Kirk and the crew of the U.S.S. Enterprise explore the galaxy and defend the United Federation of Planets."
197,193,197,(2004–2005),MA,8.6,51328,"Fuu, a waitress who works in a teahouse, rescues two master swordsmen, Mugen and Jin, from their execution to help her find the ""samurai who smells of sunflowers."""
198,194,198,-1985,MA,8.8,31483,A World War II German U-Boat crew have a terrifying patrol mission in the early days of the war.
199,195,199,(2013–2017),MA,8.3,113241,A streetwise hustler is pulled into a compelling conspiracy after witnessing the suicide of a girl who looks just like her.
200,196,200,(2013–2023),14,8.0,260868,"A new FBI profiler, Elizabeth Keen, has her entire life uprooted when a mysterious criminal, Raymond Reddington, who has eluded capture for decades, turns himself in and insists on speaking only to her."
201,197,201,(2001–2004),PG,8.6,48334,Seven of the most formidable heroes form arguably the most powerful team ever.
202,198,202,(2007–2012),14,8.2,141911,"When a computer geek inadvertently downloads critical government secrets into his brain, both the CIA and the NSA assign an agent to protect him and exploit his newfound skills."
203,199,203,(2008–2015),14,8.1,190535,"A famous ""psychic"" outs himself as a fake, and starts working as a consultant for the California Bureau of Investigation so he can find ""Red John"", the madman who killed his wife and daughter."
204,200,204,(1989–2013),14,8.6,47941,"The cases of eccentric, but sharp, Belgian detective Hercule Poirot."
205,201,205,(2014–2017),MA,8.3,103782,"Three years after the disappearance of 2% of the global human population, a group of people in a small New York community try to continue their lives while coping with the tragedy of the unexplained nature of the event."
206,202,206,(2009–2016),14,8.4,78573,"Alicia Florrick has been a good wife to her husband, a former state's attorney. After a very humiliating sex and corruption scandal, he is behind bars. She must now provide for her family and returns to work as a litigator in a law firm."
207,203,207,(2000–2004),PG,8.5,60271,"Bernard Black runs a book shop, though his customer service skills leave something to be desired. He hires Manny as an employee. Fran runs the shop next door. Between the three of them many adventures ensue."
208,204,208,(2001–2018),MA,8.6,46597,Three petty felons have a documentary made about their life in a trailer park.
209,205,209,(1998–2006),14,8.1,182532,"A comedy revolving around a group of teenage friends, their mishaps, and their coming of age, set in 1970s Wisconsin."
210,206,210,(2000–2004),14,8.6,46460,Six best friends talk about all aspects of sex and relationships on their never-ending quest to find true love.
211,207,211,-2021,PG,7.9,339373,"Blends the style of classic sitcoms with the MCU, in which Wanda Maximoff and Vision - two super-powered beings living their ideal suburban lives - begin to suspect that everything is not as it seems."
212,208,212,(2000–2006),PG,8.2,135497,"A gifted young teen tries to survive life with his dimwitted, dysfunctional family."
213,209,213,(2009–2014),PG,8.2,135039,"A white-collar criminal agrees to help the FBI catch other white-collar criminals using his expertise as an art and securities thief, counterfeiter, and conman."
214,210,214,(2000–2007),PG,8.2,134112,"A dramedy centering around the relationship between a thirtysomething single mother and her teen daughter living in Stars Hollow, Connecticut."
215,211,215,(2015–2018),MA,8.4,76499,"Ash has spent the last thirty years avoiding responsibility, maturity, and the terrors of the Evil Dead until a Deadite plague threatens to destroy all of mankind and Ash becomes mankind's only hope."
216,212,216,(2004–2019),14,8.4,75394,"After her best friend is murdered, and her father is removed as county Sheriff, Veronica Mars dedicates her life to cracking the toughest mysteries in the affluent town of Neptune."
217,213,217,-2020,14,8.4,75350,"Follows Marianne and Connell, from different backgrounds but the same small town in Ireland, as they weave in and out of each other's romantic lives."
218,214,218,(2004–2005),14,8.7,35196,A brilliant neurosurgeon finds his life in utter turmoil after getting involved with a psychopathic former patient.
219,215,219,-2008,MA,8.5,55844,"A Rolling Stone reporter, embedded with The 1st Recon Marines chronicles his experiences during the first wave of the American-led assault on Baghdad in 2003."
220,216,220,(2001–2017),MA,8.5,55826,"A samurai, sent through time, fights to return home and save the world."
221,217,221,(2014–2016),MA,8.2,125802,"Explorer Sir Malcolm Murray, American gunslinger Ethan Chandler, scientist Victor Frankenstein and medium Vanessa Ives unite to combat supernatural threats in Victorian London."
222,218,222,-2019,MA,8.2,125717,"Set in an alternate history where masked vigilantes are treated as outlaws, Watchmen embraces the nostalgia of the original groundbreaking graphic novel of the same name, while attempting to break new ground of its own."
223,219,223,-2021,MA,8.7,33714,"A chronicle of four friends during a decade in which everything changed, including the rise of AIDS."
224,220,224,(2010–2022),PG,8.6,42994,Teenage superheroes strive to prove themselves as members of the Justice League.
225,221,225,(2009–2016),14,8.1,166803,"After a serial killer imitates the plots of his novels, successful mystery novelist Richard ""Rick"" Castle receives permission from the Mayor of New York City to tag along with an NYPD homicide investigation team for research purposes."
226,222,226,(2014–2023),MA,8.5,54487,Yorkshire-based crime drama centering on the personal and professional life of Police Sergeant Catherine Cawood.
227,223,227,(2019–2020),14,8.7,33150,The absolute top secret love story of a chaebol heiress who made an emergency landing in North Korea because of a paragliding accident and a North Korean special officer who falls in love with her and who is hiding and protecting her.
228,224,228,(2013–2020),MA,8.3,89611,"Ray Donovan, a professional ""fixer"" for the rich and famous in Los Angeles, can make anyone's problems disappear except those created by his own family."
229,225,229,-2022,MA,8.7,32120,Oscar-winning producer Albert S. Ruddy's never-before-revealed experiences of making The Godfather (1972).
230,226,230,(2014–2020),14,8.1,157169,A group of ambitious law students and their brilliant criminal defense professor become involved in a twisted murder plot that promises to change the course of their lives.
231,227,231,-2016,14,8.5,51431,"29-year-old Satoru Fujinuma is sent back in time 18 years to prevent the events leading to his mother's death, which began with a series of kidnappings while he was in 5th grade."
232,228,232,(2014–2015),MA,8.5,50325,A look at the professional and personal lives of the staff at New York's Knickerbocker Hospital during the early part of the twentieth century.
233,229,233,(2017–2019),MA,8.0,201853,"James is 17 and is pretty sure he is a psychopath. Alyssa, also 17, is the cool and moody new girl at school. The pair make a connection and she persuades him to embark on a road trip in search of her real father."
234,230,234,(2009–2017),PG,8.5,49791,The daily surreal adventures of a blue jay and raccoon duo that attempt to deal with their mundane jobs as groundskeepers at the local park.
235,231,235,(I) (2019– ),MA,8.2,108667,"An inside look at the lives of the people who help America wake up in the morning, exploring the unique challenges faced by the team."
236,232,236,(2018–2022),MA,8.5,48444,The personal exploits of a 16-year-old girl and her family and friends during the Troubles in the early 1990s in Northern Ireland.
237,233,237,(2014–2017),MA,8.2,107934,"Follows Captain Flint and his pirates twenty years prior to Robert Louis Stevenson's classic novel ""Treasure Island."""
238,234,238,(2004–2008),14,8.5,47920,"Boston Legal is a spin-off of the long-running David E. Kelley series The Practice (1997), following the exploits of former Practice character Alan Shore (James Spader) at the legal firm of Crane, Poole, and Schmidt."
239,235,239,(2016–2022),14,8.6,37374,"A psychic middle school boy tries to live a normal life and keep his growing powers under control, even though he constantly gets into trouble."
240,236,240,(2019–2023),14,7.9,257352,"A family of former child heroes, now grown apart, must reunite to continue to protect the world."
241,237,241,(2014–2020),14,8.7,28818,"Determined to be like the volleyball championship's star player nicknamed ""the small giant"", Shoyo joins his school's volleyball club."
242,238,242,(2009–2013),MA,8.2,103675,A group of young offenders doing community service gets struck by lightning during a storm and start to develop superpowers.
243,239,243,(1999– ),Y7,8.2,103476,"The misadventures of a talking sea sponge who works at a fast food restaurant, attends a boating school, and lives in an underwater pineapple."
244,240,244,(1972–1983),PG,8.4,59791,The staff of an Army hospital in the Korean War find that laughter is the best way to deal with their situation.
245,241,245,(2008–2014),MA,7.9,251298,"Telepathic waitress Sookie Stackhouse encounters a strange new supernatural world when she meets the mysterious Bill Compton, a southern Louisiana gentleman and vampire."
246,242,246,(2022– ),MA,8.1,137201,Jack Reacher was arrested for murder and now the police need his help. Based on the books by Lee Child.
247,243,247,(2015–2017),Not Rated,8.6,36014,"The story of young teenagers and pupils on Hartvig Nissens upper secondary school in Oslo, and their troubles, scandals and everyday life. Each season is told from a different person's point of view."
248,244,248,(2012–2019),MA,8.4,58889,Former Senator Selina Meyer finds that being Vice President of the United States is nothing like she hoped and everything that everyone ever warned her about.
249,245,249,(2007–2009),PG,8.4,58008,"A pastry chef with the power to bring dead people back to life solves murder mysteries with his resurrected childhood sweetheart, a cynical private investigator, and a lovesick waitress."
250,246,250,-2018,MA,8.1,132627,A contemporary thriller featuring the Royalty and Specialist Protection Branch of London's Metropolitan Police Service.
